{
  "color": 12632256.0,
  "persistent": 1.0,
  "text": "lamp",
  "release_duration": 0.0,
  "queueable": 0.0,
  "command_list": [
    {
      "b1": "",
      "cmd": 2.0,
      "obsid": "Main",
      "pos": 0.0,
      "vis": 1.0,
      "ms": 0.0,
      "sel": 0.0,
      "dis": 0.0,
      "xpan": 0.0,
      "b0": "C:\\Users\\User\\Downloads\\Local\\LioranBoard - Copy\\sound - Copy\\aoe1_wololo.ogg",
      "v0": 0.29999999999999998889776975374843
    }
  ],
  "press_type": 0.0,
  "x": 0.9799999999999999822364316059975,
  "border": 0.0,
  "image": "",
  "triggers": [
    {
      "sub": 0.0,
      "case_sensitive": 0.0,
      "founder": 0.0,
      "message": "!gary",
      "moderator": 0.0,
      "vip": 0.0,
      "broadcaster": 0.0,
      "trg": 0.0,
      "allow_empty_wildcard": 0.0
    }
  ],
  "group_id": "",
  "overlappable": 0.0,
  "init_variable": "",
  "width": 0.020000000000000000416333634234434,
  "button_id": "ID46",
  "button_duration": 0.0,
  "y": 0.9799999999999999822364316059975,
  "switch_deck": "",
  "height": 0.020000000000000000416333634234434,
  "release_list": [],
  "functions": 83.0,
  "stretch": 0.0
}